Rapport ?,"Cour des comptes, juillet 2020, demande de la commission des finances du Sénat (11/12/2018)."
Louvois ?,"Solde des militaires, 2001, abandonné fin 2013 ; 465 M€ d'erreurs en 2012."
ONP ?,"Paie de 2,7 M d'agents, 2007 ; 1 500 éléments de paie, pas de livrable intermédiaire ; ~346 M€."
Cassiopée ?,"Chaîne pénale, 2001 ; 7 directeurs de projet ; besoins des juges d'instruction ignorés."
Réussite citée ?,Le prélèvement à la source.
Histoire de la DINUM ?,"DISIC 2011, DINSIC 2015, DINUM octobre 2019 ; avis conforme depuis 2014."
Avis défavorables ?,"8 sur ~60 au 31/12/2019 (Cyclades, Source, RSU, Crocus, ArchipelNG...)."
Standish Group ?,"Rapidité de décision d'abord ; très grands projets 43 % d'échecs ; agile 48 % de succès contre 26 %."
Cigref ?,"7 bonnes pratiques : objectifs partagés, gouvernance claire, méthode, sécurité dès la conception, jalons, recettes, bilan."
Dérives ?,"Plus de 30 % (36,1 % délai, 35,6 % coût) ; objectif TECH.GOUV < 20 % en 2022."
Enjeux financiers ?,"Plus de 6 Md€ de logiciels au bilan fin 2018 ; 380 M€ d'investissement en 2019."
Métiers en tension ?,"15, dont 6 de conduite de projet."
Recommandations phares ?,"DINUM dès 50 M€, projets < 5 ans, responsable unique, pilotage par les délais, vivier de 400."
Taille idéale ?,"5 à 20 M€, 18 mois à 3 ans."
