Décret 2019-1088 ?,"SI et communication de l'État et DINUM : article 3 (avis), article 4 (missions)."
Seuil article 3 ?,"9 M€ TTC de montant prévisionnel global (arrêté du 5 juin 2020)."
Avis conforme ou simple ?,"Conforme pour l'État (ministères, interministériel), simple pour les organismes sous tutelle."
Quand intervient l'avis ?,"Après le cadrage, avant la réalisation et les marchés."
Cinq dimensions analysées ?,"Stratégie, finances, gouvernance, réalisation, calendrier."
Partenaires du dossier ?,"Direction du budget, DAE, ANSSI (volet sécurité)."
Délai de l'avis ?,"30 jours calendaires, prolongé en cas de DIC."
Causes racines ?,"12 projets en dérive : estimations, fonctionnel, externe, technique, pilotage, RH."
Avis défavorable ?,Arrêt ou révision du projet (périmètre ou trajectoire).
Dossier article 3 ?,"Fiche de présentation, fichiers MAREVA, annexe stratégie d'achat."
MAREVA ?,"Analyse de la valeur depuis 2007 : stratégie + rentabilité."
Recommandation externalisation ?,"Directeur de projet interne à temps plein ; pas d'AMOA et de MOE chez le même prestataire."
Panorama des grands projets ?,"Semestriel depuis 2015, fiche d'une centaine d'indicateurs, présenté au COSINUM."
Article 4 ?,"Missions d'audit à la demande du Premier ministre ou d'un ministre (ex. Portalis, enseignement à distance)."
