Quel est l'objectif principal du Règlement (UE) 2024/2847 ?;Réguler les réseaux sociaux;Établir des exigences de cybersécurité pour les produits comportant des éléments numériques;Interdire l'importation de produits technologiques;Créer une cryptomonnaie européenne;3;Ce règlement vise à garantir un niveau élevé de cybersécurité pour les produits connectés mis sur le marché de l'Union.
Quels produits sont exclus du champ d'application de ce règlement car déjà régis par d'autres textes ?;Les jouets connectés;Les dispositifs médicaux et les véhicules à moteur;Les systèmes d'exploitation;Les pare-feux industriels;3;Les dispositifs médicaux et les véhicules à moteur sont exclus car ils sont déjà couverts par des réglementations sectorielles spécifiques.
Comment est définie une "vulnérabilité exploitable" dans le règlement ?;Une panne matérielle due à l'usure;Une erreur de traduction dans le manuel;Une faiblesse susceptible d'être utilisée efficacement par un adversaire;Une absence de connexion internet;4;Une vulnérabilité exploitable est une faille de sécurité qui peut être utilisée par un acteur malveillant en conditions réelles.
Quelle est la durée minimale par défaut de la période d'assistance prévue par le règlement ?;1 an;2 ans;5 ans;10 ans;4;La période d'assistance doit être d'au moins cinq ans, sauf si la durée de vie prévue du produit est inférieure.
Quel document le fabricant doit-il établir pour recenser les composants du produit ?;Le RGPD;La nomenclature des logiciels (SBOM);Le certificat ISO 9001;Le bilan carbone;3;Le fabricant doit identifier les composants via une nomenclature des logiciels (Software Bill of Materials ou SBOM).
Dans quel délai un fabricant doit-il envoyer une alerte précoce en cas de vulnérabilité activement exploitée ?;24 heures;72 heures;1 semaine;1 mois;2;Le fabricant doit soumettre une alerte précoce à l'ENISA et au CSIRT coordinateur dans les 24 heures suivant la prise de connaissance.
À combien peut s'élever l'amende administrative maximale pour non-respect des exigences essentielles de cybersécurité ?;1 million d'euros;5 millions d'euros;10 millions d'euros;15 millions d'euros ou 2,5 % du chiffre d'affaires mondial;5;Les sanctions peuvent atteindre 15 millions d'euros ou 2,5 % du chiffre d'affaires annuel mondial pour les infractions les plus graves.
Quand le règlement deviendra-t-il applicable dans sa totalité (date générale d'application) ?;11 décembre 2024;11 septembre 2026;11 décembre 2027;11 juin 2028;4;Le règlement est applicable 36 mois après son entrée en vigueur, soit le 11 décembre 2027.
Quelle obligation s'applique aux mises à jour de sécurité fournies par le fabricant ?;Elles doivent être payantes;Elles doivent être fournies gratuitement;Elles sont facultatives;Elles doivent inclure de nouvelles fonctionnalités;3;Le fabricant doit fournir des mises à jour de sécurité gratuitement aux utilisateurs pendant la période d'assistance.
Quel type de produits trouve-t-on dans l'Annexe III du règlement ?;Les produits importants (Classe I et II);Les produits critiques;Les produits exclus;Les produits militaires;2;L'Annexe III liste les produits importants répartis en deux classes selon leur niveau de risque.
Quelle est l'exigence concernant la configuration par défaut du produit ?;Configuration ouverte pour faciliter l'accès;Configuration sécurisée par défaut;Configuration laissée au choix du distributeur;Configuration sans mot de passe;3;Les produits doivent être mis à disposition avec une configuration sécurisée par défaut (security by default).
Quel organisme gère la plateforme unique de signalement des vulnérabilités ?;La Commission européenne;L'ENISA;Europol;L'OTAN;3;L'ENISA est chargée de mettre en place et d'administrer la plateforme unique de signalement.
Qu'est-ce qu'un "intendant de logiciels ouverts" selon le règlement ?;Une personne morale soutenant le développement de logiciels libres commerciaux;Un pirate informatique éthique;Un fabricant de matériel informatique;Un auditeur financier;2;C'est une entité qui fournit un soutien systématique au développement de logiciels libres destinés à des activités commerciales.
Quelle procédure d'évaluation de la conformité est généralement suffisante pour les produits non classés "importants" ou "critiques" ?;Contrôle interne (Module A);Examen UE de type (Module B);Assurance qualité complète (Module H);Certification par un tiers obligatoire;2;Pour les produits standards (non listés en annexe III ou IV), le contrôle interne de la production suffit généralement.
Que doit faire un importateur s'il estime qu'un produit n'est pas conforme ?;Le vendre moins cher;Le modifier lui-même;Ne pas le mettre sur le marché et informer le fabricant;Le vendre uniquement hors de l'UE;4;L'importateur ne doit pas mettre le produit sur le marché tant qu'il n'a pas été mis en conformité.
Quelle est la sanction maximale pour la fourniture d'informations inexactes ou trompeuses aux autorités ?;100 000 EUR;500 000 EUR;1 000 000 EUR;5 000 000 EUR ou 1 % du chiffre d'affaires;5;Fournir des informations trompeuses est passible d'une amende jusqu'à 5 millions d'euros ou 1 % du chiffre d'affaires.
À partir de quelle date l'obligation de signalement des vulnérabilités et incidents s'applique-t-elle ?;Dès la publication;11 septembre 2026;11 décembre 2027;1 janvier 2030;3;L'obligation de signalement s'applique de manière anticipée à partir du 11 septembre 2026.
Quel marquage doit être apposé sur le produit pour attester de sa conformité ?;Le logo du fabricant;Le marquage CE;Un QR code vers le site web;Le label ISO;3;Le marquage CE doit être apposé de manière visible, lisible et indélébile.
Quel est le délai pour la notification complète d'un incident grave après en avoir eu connaissance ?;24 heures;48 heures;72 heures;96 heures;4;Une notification détaillée doit être soumise sans retard injustifié et au plus tard 72 heures après la prise de connaissance.
Les logiciels libres et ouverts sont-ils concernés par ce règlement ?;Oui, tous sans exception;Non, jamais;Oui, mais uniquement s'ils sont fournis dans le cadre d'une activité commerciale;Oui, uniquement s'ils sont développés par des États;4;Le règlement ne s'applique aux logiciels libres que s'ils sont mis à disposition sur le marché dans le cadre d'une activité commerciale.
Quels produits sont listés dans l'Annexe IV du règlement ?;Les produits critiques;Les produits de divertissement;Les produits ménagers simples;Les jouets non connectés;2;L'Annexe IV contient la liste des produits critiques comportant des éléments numériques, comme les cartes à puce ou les compteurs intelligents.
Quelle est l'exigence concernant les mises à jour automatiques ?;Elles sont interdites;Elles doivent être activées par défaut mais faciles à désactiver;Elles doivent être impossibles à désactiver;Elles ne concernent que les produits payants;3;Les mises à jour automatiques doivent être activées par défaut le cas échéant, mais l'utilisateur doit pouvoir les désactiver facilement.
Combien de temps le fabricant doit-il conserver la documentation technique ?;1 an;3 ans;5 ans;10 ans ou la durée de la période d'assistance (le plus long des deux);5;La documentation doit être conservée pendant 10 ans ou la durée de la période d'assistance, la période la plus longue étant retenue.
Quel est le rôle du point de contact unique désigné par le fabricant ?;Vendre les produits;Permettre aux utilisateurs de communiquer directement, notamment pour signaler des vulnérabilités;Gérer la publicité;Organiser les livraisons;3;Le point de contact unique facilite la communication rapide avec les utilisateurs, notamment pour la gestion des vulnérabilités.
Qu'est-ce qu'une "modification substantielle" ?;Un changement de couleur de l'emballage;Une mise à jour mineure de sécurité;Une modification affectant la conformité ou l'usage prévu du produit;Une baisse de prix;4;Une modification est substantielle si elle impacte la conformité aux exigences de cybersécurité ou change l'usage prévu du produit.
