Qui a demandé à la Cour des comptes l'enquête sur les grands projets numériques de l'État ?;Le Président de la République;L'Assemblée nationale;La DINUM;La commission des finances du Sénat;5;Demande du 11 décembre 2018.
De quand date le rapport de la Cour sur la conduite des grands projets numériques ?;Octobre 2019;Mars 2013;Décembre 2024;Juillet 2020;5;Communication à la commission des finances du Sénat.
Quel projet de solde des militaires a été abandonné fin 2013 ?;Chorus;ONP;Cassiopée;Louvois;5;Engagé en 2001 et déployé dix ans plus tard.
À combien sont évaluées les erreurs de calcul de Louvois pour l'année 2012 ?;46 millions d'euros;1 million d'euros;4,6 milliards d'euros;465 millions d'euros;5;Selon un référé du Premier président de décembre 2013.
Combien d'agents le programme ONP devait-il payer ?;Environ 2,7 millions;270 000;27 millions;800 000;2;Lancé en 2007, il devait économiser 3 800 postes.
Combien d'éléments de paie distincts l'État gère-t-il environ ?;15 000;100;1 500;15;4;Contre une centaine dans les grandes entreprises.
Quel défaut de conception majeur l'ONP présentait-il ?;L'usage de l'agilité;Aucune livraison intermédiaire;Trop de livraisons;Un budget trop faible;3;Échec dû à l'ambition excessive et à la gouvernance défaillante.
Quel projet de la chaîne pénale a vu se succéder sept directeurs de projet ?;Portalis;Rocade;Louvois;Cassiopée;5;De 2001 à 2014, sans recette par les utilisateurs.
Quels utilisateurs Cassiopée n'avait-il pas pris en compte ?;Les douaniers;Les militaires;Les enseignants;Les magistrats instructeurs;5;Leurs besoins absents du cahier des charges.
Quel grand projet est cité comme une réussite ?;Louvois;Le prélèvement à la source;Cassiopée;L'ONP;3;Exception à la difficulté de resserrer les délais.
En quelle année a été créée la DISIC, ancêtre de la DINUM ?;2019;2011;2001;2015;3;Devenue DINSIC en 2015 puis DINUM en octobre 2019.
Depuis quel décret l'avis de la DINUM est-il conforme ?;Le décret de 2022;Le décret de février 2011;Le décret du 1er août 2014;La loi de 2016;4;Avant, l'avis était simple au-delà de 9 M€.
Combien d'avis défavorables sur une soixantaine au 31 décembre 2019 ?;Huit;Aucun;Un seul;Trente;2;Par exemple Cyclades, Source, RSU, Crocus, ArchipelNG.
Pourquoi Cyclades a-t-il reçu un avis défavorable ?;Usage du cloud;Cinq années de développement avant la première version;Absence d'utilisateurs;Coût trop faible;3;Projet de gestion des concours de l'Éducation nationale.
Quel est le premier facteur de succès selon le rapport CHAOS du Standish Group ?;Le nombre de prestataires;La durée du projet;Le budget;La rapidité de décision;5;Puis la taille, le parrainage, l'agilité et les compétences.
Quel taux d'échec ont les très grands projets selon le Standish Group ?;8 %;57 %;4 %;43 %;5;Ils ne réussissent que dans 4 % des cas.
Quel taux de réussite ont les projets agiles contre les projets traditionnels ?;90 % contre 10 %;48 % contre 26 %;26 % contre 48 %;Identiques;3;L'agilité apporte surtout aux grands projets.
Combien de bonnes pratiques de réalisation des projets le Cigref identifie-t-il ?;Cinq;Sept;Trois;Onze;3;Dont une gouvernance claire et un bilan de fin de projet.
De combien les dérives de coût et de délai dépassent-elles le seuil selon la Cour ?;Exactement 20 %;Plus de 30 %;Plus de 100 %;Moins de 5 %;3;Elles ont plus que doublé depuis 2015.
Quel objectif de dérive TECH.GOUV fixait-il pour 2022 ?;Moins de 50 %;Zéro;Moins de 5 %;Moins de 20 %;5;Jugé difficilement atteignable par la Cour.
Quelle analyse est presque jamais faite lors des avis conformes selon la Cour ?;L'évaluation des charges de développement;L'analyse de sécurité;Le calendrier;L'analyse budgétaire;2;La DINUM se concentre sur les ratios multiplicateurs.
Quel était le flux annuel d'investissement numérique de l'État en 2019 ?;Environ 380 millions d'euros;Environ 38 milliards;Environ 3,8 millions;Environ 6 milliards;2;Environ 3 % des investissements de l'État.
Combien de métiers en tension la DGAFP et la DINUM ont-elles identifiés ?;Quinze, dont six liés à la conduite de projets;Un seul;Quarante;Trois;2;Chef de projet, directeur de projet, scrum master, etc.
Au-delà de quel montant la Cour recommande-t-elle une intervention systématique de la DINUM en études préalables ?;Neuf millions;Une cinquantaine de millions d'euros;Un milliard;Un million;3;Recommandation n° 1.
Quelle durée maximale de grand projet la Cour recommande-t-elle ?;Un an;Cinq ans, sauf dérogation de la DINUM;Aucune limite;Dix ans;3;Recommandation n° 2.
Quelle recommandation porte sur la gouvernance des projets ?;Désigner un responsable unique ayant autorité;Supprimer la MOA;Confier tout au prestataire;Multiplier les comités;2;Recommandation n° 4.
Quelle taille de vivier interministériel de professionnels du numérique la Cour recommande-t-elle ?;4 000;10;40;Au moins 400;5;Suivi au niveau du Premier ministre.
Quelle taille de projets la Cour recommande-t-elle de privilégier ?;Cinq à vingt millions d'euros, en 18 mois à 3 ans;Plus de 100 millions;Aucune préférence;Moins de 100 000 euros;2;Dans une programmation pluriannuelle à cinq ou dix ans.
Qui est responsable de la politique de développement des SI dans les ministères ?;La Cour des comptes;Les DSI seuls;Les préfets;Les secrétaires généraux;5;Ils ne doivent pas tout déléguer aux DSI.
Quel pays est pris en exemple d'e-nation dans le parangonnage ?;La Pologne;Le Portugal;La Grèce;L'Estonie;5;Son bureau d'audit a analysé quatre projets en échec.
