Quel organisme a produit le guide d'audit des systèmes d'information de 2014 ?;L'ANSSI;La Cour des comptes;La CNIL;Le Comité d'harmonisation de l'audit interne, CHAI;5;Groupe de travail interministériel animé par le Contrôle général des armées.
De quand date la version 1.0 du guide d'audit des SI du CHAI ?;Juin 2014;Juillet 2020;Avril 2025;Mars 2013;2;Version expérimentée par les auditeurs internes des ministères.
Qu'est-ce que la gouvernance des systèmes d'information ?;Le budget informatique annuel;La maintenance des serveurs;Le dispositif pour contrôler et réguler le SI selon la stratégie de l'organisation;Le service d'assistance aux utilisateurs;4;Elle fait partie de la gouvernance de l'organisation.
Quel référentiel est plus spécifique à la gestion de la production informatique ?;COBIT;ISO 27001;CMMI;ITIL;5;Information Technology Infrastructure Library.
Quel référentiel porte sur la gouvernance et le contrôle interne informatique ?;ITIL;CMMI;MAREVA;COBIT;5;Control Objectives for Information and related Technology.
Quel référentiel porte sur la maturité des développements informatiques ?;COBIT;ITIL;CMMI;ISO 27001;4;Niveaux de certification de 1 à 5.
Quelle norme présente les exigences de sécurité informatique ?;ISO 14001;ISO 20000;ISO 9001;ISO 27001;5;Elle succède à la BS7799.
Par quelle circulaire le cadre stratégique commun du SI de l'État a-t-il été diffusé ?;Circulaire du Premier ministre du 7 mars 2013;Circulaire du 14 juillet 2014;Décret du 25 octobre 2019;Ordonnance du 8 décembre 2005;2;Élaboré par la DISIC.
Quels sont les trois axes du cadre stratégique commun du SI de l'État ?;Coût, délai, qualité;Cloud, data, IA;Sécurité, souveraineté, sobriété;Valeur pour les utilisateurs, efficience, pilotage;5;Un SI qui crée de la valeur, construit de façon efficiente et piloté.
Quels référentiels généraux sont définis par l'ordonnance du 8 décembre 2005 ?;ITIL, COBIT et CMMI;PSSIE, II 901 et IGI 1300;RGPD, NIS 2 et DORA;RGI, RGS et référentiel d'accessibilité;5;Interopérabilité, sécurité et accessibilité.
Quelle est la durée de vie habituelle d'un schéma directeur informatique ?;Quinze ans;Six mois;Deux à six ans;Un an exactement;4;Il est approuvé au plus haut niveau de l'organisation.
Qu'est-ce que le plan d'occupation des sols du SI ?;Le plan des salles serveurs;Le plan de câblage;Le plan de prévention des risques;La répartition du patrimoine applicatif en zones, quartiers, îlots et blocs;5;Outil d'urbanisation du SI.
Quelle séparation des tâches le guide impose-t-il ?;La DSI valide les budgets métiers;Les utilisateurs administrent leurs postes;Les développeurs n'accèdent pas à la production et l'exploitation n'accède pas au développement;Les auditeurs développent les applications;4;Les droits élevés doivent aussi être limités et tracés.
Quel document est la principale référence en sécurité des SI d'une organisation ?;Le SLA;Le cahier des charges;La PSSI;Le schéma directeur;4;Politique de sécurité des systèmes d'information, issue d'une étude des risques.
Qui est la maîtrise d'ouvrage d'un projet informatique ?;Le commanditaire, généralement une direction métier;Le prestataire de développement;L'hébergeur;L'auditeur;2;La MOE est le garant technique de la réalisation.
Quel défaut de l'AMOA le guide signale-t-il ?;Refuser la méthode agile;Coûter moins cher;Remplacer dans les faits la MOA;Être trop indépendante;4;Cela conduit à une perte de maîtrise du projet par le commanditaire.
Quel rôle la DSI doit-elle tenir selon l'audit du pilotage ?;La maîtrise d'œuvre;L'audit interne;L'autorité d'homologation;La maîtrise d'ouvrage;2;Les métiers assurent la MOA.
Qu'est-ce qu'un SLA ?;Un contrat de service formalisant un niveau de service négocié;Une procédure de sauvegarde;Un schéma d'architecture;Une licence logicielle;2;Service level agreement, avec des engagements mesurables.
Quelle est la différence entre PCA et PRA ?;Le PCA est réservé à l'armée;Le PRA concerne la paie, le PCA les achats;Ils sont identiques;Le PCA poursuit l'activité pendant un sinistre, le PRA la reprend après;5;Ils doivent être testés régulièrement.
Quelles sont les trois instances de pilotage d'un projet décrites par le guide ?;Comité de pilotage, comité de projet, comité des utilisateurs;Comité d'audit, de risques et de rémunération;CAB, ECAB et COPIL;CHSCT, CSA et CAP;2;Avec des niveaux de délégation connus.
Quel est le rôle du comité de pilotage ?;Décision et pilotage stratégique du projet;Support utilisateurs;Facturation;Rédaction du code;2;Lancement, arbitrages, allocation des ressources.
Que doit produire la fin de la recette ?;Un procès-verbal;Un SLA;Un schéma directeur;Une PSSI;2;Une procédure formalisée encadre l'acceptation ou le rejet.
Quel mode de rémunération des marchés informatiques le guide déconseille-t-il fortement ?;Le marché à bons de commande;L'accord-cadre;Le forfait horaire ou journalier;Le forfait global;4;Risque de prêt illicite de main-d'œuvre et de marchandage.
Quelle obligation doit prévoir un marché d'infogérance ?;L'exclusivité perpétuelle;La gratuité;L'absence de pénalités;La réversibilité;5;Pour reprendre le système ou le confier à un tiers.
Qu'est-ce qu'une base de données maîtresse ?;Une base de test;Une base réservée aux administrateurs;Une copie locale de sauvegarde;La référence incontestable d'une donnée partagée;5;Elle évite les incohérences entre acteurs.
Quel risque lié aux données le guide juge-t-il aussi important que leur qualité ?;Leur traduction;Leur chiffrement;Leur duplication dans des fichiers locaux;Leur archivage;4;Une copie périmée échappe aux règles de gestion.
Que doit faire l'auditeur face à une norme inadaptée ?;L'ignorer;Recommander de la faire évoluer plutôt que de la contourner;La contourner discrètement;Sanctionner l'audité;3;La mise en conformité reste un objectif de court terme.
Qu'est-ce que le CAB dans ITIL ?;Le catalogue des applications;Le comité consultatif des changements;Le comité d'audit budgétaire;Le centre d'assistance de base;3;Change Advisory Board, repère complémentaire hors du guide.
Quel est le rôle du CAB ?;Recruter les techniciens;Évaluer, prioriser et planifier les demandes de changement;Développer les applications;Gérer la paie;3;Il conseille l'autorité qui autorise les changements.
Comment s'appelle le comité restreint qui traite les changements urgents ?;Le COSINUM;Le COPROJ;Le COPIL;L'ECAB;5;Emergency CAB.
Quels sont les trois types de changements dans ITIL ?;Matériel, logiciel, réseau;Standard, normal, urgent;Interne, externe, mixte;Petit, moyen, grand;3;Le changement standard est préautorisé et à faible risque.
Que signifient les lettres de la matrice RACI ?;Recette, Audit, Conformité, Intégration;Risque, Analyse, Contrôle, Inventaire;Rapport, Avis, Comité, Instruction;Réalise, Approuve, Consulté, Informé;5;Responsible, Accountable, Consulted, Informed.
Combien de A faut-il par ligne dans une matrice RACI ?;Autant que de participants;Un seul;Au moins deux;Aucun;3;Un seul responsable du résultat par activité.
